<?xml version="1.0" encoding="UTF-8"?>
<!DOCTYPE mapper PUBLIC "-//mybatis.org//DTD Mapper 3.0//EN" "http://mybatis.org/dtd/mybatis-3-mapper.dtd">
<mapper namespace="com.ssafy.term4.model.mapper.CountryStatusMapper">
	<select id="checkCcode" resultType="CountryStatus">
		SELECT ccode, cname, patient, rcode
		FROM country_status
		WHERE ccode=#{ccode}
	</select>
	
	<select id="selectList" resultType="CountryStatus">
		SELECT ccode, cname, patient, rname
		FROM country_status, region
		WHERE country_status.rcode=region.rcode
	</select>
	
	<select id="selectOne" resultType="CountryStatus">
		SELECT ccode, cname, patient, rname
		FROM country_status, region
		WHERE country_status.rcode=region.rcode AND country_status.ccode=#{ccode}
	</select>
	
	<insert id="insertCountryStatus" parameterType="CountryStatus">
		INSERT INTO country_status (ccode, cname, patient, rcode)
		VALUES (#{ccode}, #{cname}, #{patient}, #{rcode})
	</insert>
	
	<delete id="delete">
		DELETE FROM country_status
		WHERE ccode = #{ccode}
	</delete>
</mapper>