<?xml version="1.0" encoding="UTF-8"?>
<!DOCTYPE mapper PUBLIC "-//mybatis.org//DTD Mapper 3.0//EN" "http://mybatis.org/dtd/mybatis-3-mapper.dtd">
<mapper namespace="com.ssafy.product.mapper.ProductMapper">
	
	<select id ="getIdList" resultType="com.ssafy.product.dto.ProductDTO">
	SELECT * 
	FROM PRODUCT 
	</select>

	<select id="getItem" resultType="com.ssafy.product.dto.ProductDTO">
	SELECT *
	FROM PRODUCT 
	WHERE Product_number=#{Product_number}
	</select>
	
	<insert id ="addItem" parameterType="com.ssafy.product.dto.ProductDTO">
	INSERT INTO PRODUCT (Product_title,Product_price,Product_comment) 
	VALUES(#{Product_title},#{Product_price},#{Product_comment})
	</insert>
	
	<update id ="editItem" parameterType="com.ssafy.product.dto.ProductDTO">
	UPDATE PRODUCT SET Product_title=#{Product_title},Product_price=#{Product_price},Product_comment=#{Product_comment}
	WHERE Product_number=#{Product_number}
	</update>
	
	<delete id="delItem"  parameterType="int">
	DELETE FROM PRODUCT
	WHERE Product_number=#{Product_number}
	</delete>


</mapper>