<?xml version="1.0" encoding="UTF-8"?>
<!DOCTYPE mapper PUBLIC "-//mybatis.org//DTD Mapper 3.0//EN" "http://mybatis.org/dtd/mybatis-3-mapper.dtd">
<mapper namespace="com.ssafy.board.mapper.BoardMapper">
	
	<select id ="selectTotalCount" resultType="int">
	SELECT COUNT(*) FROM SSAFY_BOARD
	</select>

	<select id="selectPage" resultType="BoardDto">
	SELECT BNUM, BTITLE, BWRITER, BREAD_CNT as breadCnt, BWRITEDATE 
	FROM SSAFY_BOARD 
	ORDER BY BNUM DESC LIMIT #{startRow},#{cnt}
	</select>
	
	<insert id ="insertBoard" parameterType="BoardDto">
	INSERT INTO SSAFY_BOARD (BTITLE, BWRITER, BREAD_CNT, BWRITEDATE, BCONTENT) 
	VALUES(#{btitle},#{bwriter},#{breadCnt},NOW(),#{bcontent})
	</insert>
	
	<update id ="updateReadcnt" parameterType="int">
	UPDATE SSAFY_BOARD SET BREAD_CNT = BREAD_CNT+1 
	WHERE BNUM=#{bnum}
	</update>
	
	<select id="selectBoard" parameterType="int" resultType="BoardDto">
	SELECT BNUM, BTITLE, BWRITER, BREAD_CNT as breadCnt, BWRITEDATE, BCONTENT 
	FROM SSAFY_BOARD 
	WHERE BNUM=#{bnum}
	</select>
	
</mapper>