<?xml version="1.0" encoding="UTF-8"?>
<beans xmlns="http://www.springframework.org/schema/beans"
	xmlns:xsi="http://www.w3.org/2001/XMLSchema-instance"
	xsi:schemaLocation="http://www.springframework.org/schema/beans https://www.springframework.org/schema/beans/spring-beans.xsd">
	
	<!-- Root Context: defines shared resources visible to all other web components -->
	<bean id = "dddd" class="org.apache.tomcat.dbcp.dbcp2.BasicDataSource">
		<property name="driverClassName" value="com.mysql.cj.jdbc.Driver"/>
		<property name="url" value="jdbc:mysql://127.0.0.1:3306/ssafyweb?serverTimezone=UTC&amp;useUniCode=yes&amp;characterEncoding=UTF-8"/>  <!-- DB 테이블명 같은지 확인 -->
		<property name="username" value="ssafy"/>
		<property name="password" value="ssafy"/>
	</bean>
	
	<bean id ="ffff" class="org.mybatis.spring.SqlSessionFactoryBean">
		<property name="dataSource" ref="dddd"/>
		<property name="typeAliasesPackage" value = "com.ssafy.board.dto"/> <!-- DTO 패키지 및 클래스 같은지 확인 -->
		<property name="mapperLocations" value = "classpath:/**/mapper/*.xml"></property>
	</bean>
	
	<bean id ="sqlSession" class = "org.mybatis.spring.SqlSessionTemplate">
		<constructor-arg ref="ffff"></constructor-arg>
	</bean>
	
</beans>
