<?xml version="1.0" encoding="UTF-8"?>
<beans xmlns="http://www.springframework.org/schema/beans"
	xmlns:xsi="http://www.w3.org/2001/XMLSchema-instance"
	xmlns:context="http://www.springframework.org/schema/context"
	xsi:schemaLocation="http://www.springframework.org/schema/beans http://www.springframework.org/schema/beans/spring-beans.xsd
		http://www.springframework.org/schema/context http://www.springframework.org/schema/context/spring-context-4.3.xsd">

	<!-- <context:component-scan base-package="model.dao"/> -->
	<!-- <context:component-scan base-package="model.service"/> -->
	
	<bean name="service" class="model.service.ProductService">
		<property name="productDao" ref="pdao"></property>
	</bean>

	<bean id="pdao" class="model.dao.ProductDAO"></bean>

</beans>
